Name,Grade,Event 1,Event 2,Event 3,Event 4,Event 5,Event 6,Total
Katherine Liu,12,0,0,3,,,,3
Rona (hopefully will do soon??) ,12,0,,,0,,2,2
Carylle,12,0,,10,,,2,12
Aniqua ,12,0,,0,,,0,0
Anhvy,12,0,,,0,,0,0
Erin,12,0,2,8,,,,10
Love (DNF) ,12,,,,,,,0
Katherine Wabol (DNF) ,12,,,,,,,0
Cora,12,5,,,0,,0,5
Dango ,11,0,,10,,,0,10
Nikolas (DNF) ,11,,,,,,,0
Lawerence,11,0,,10,,0,,10
Hao Shen ,11,,,10,,0,0,10
Yu Ying,11,0,,10,,,0,10
Kenta,11,,2,0,,0,,2
Joshua Chow,11,0,,8,,,0,8
Ian,11,0,,10,,,0,10
An (all blanks) ,11,0,,,,0,0,0
sarah,11,,5,10,,2,,17
Steven,11,0,,8,,,0,8
Lian,11,,10,,10,10,
William,12,,10,,10,10,
Siyoung,12,10,10,10,,,
Johnathan,12,,10,10,,,10
